title,company,location,link
Senior Software Engineer - Data,Nested,"London, UK",https://stackoverflow.com/jobs/454767
SRE/Devops Engineer,Resultados Digitais,"Florianópolis, Brazil",https://stackoverflow.com/jobs/467106
DevOps Engineer (m/w/d),Mimacom,"Stuttgart, Deutschland",https://stackoverflow.com/jobs/372989
Senior PHP Developer,SimpliSafe,"Boston, MA",https://stackoverflow.com/jobs/350956
DevOps Engineer (m/w/d),Mimacom,"Stuttgart, Germany",https://stackoverflow.com/jobs/473436
Application Support Analyst,BigChange Apps Ltd,No office location,https://stackoverflow.com/jobs/445874
Engineering Lead - Cairo - Egypt,Vezeeta,"Masr Al Jadidah, Egypt",https://stackoverflow.com/jobs/373791
Technical Support Analyst,BigChange Apps Ltd,"Leeds, UK",https://stackoverflow.com/jobs/408797
Data Engineer,Zuhlke Engineering Ltd,"London, UK",https://stackoverflow.com/jobs/427684
Senior Software Engineer,Codat,"London, UK",https://stackoverflow.com/jobs/430371
Java Software Engineer - Big Data,Privitar Ltd,"London, UK",https://stackoverflow.com/jobs/286047
Senior Software Engineer,Marks & Spencer,"London, UK",https://stackoverflow.com/jobs/463985
Java Software Engineer - Big Data - Data Analytics - Vice President,"JPMorgan Chase Bank, N.A.","London, UK",https://stackoverflow.com/jobs/478455
Senior Software Developer,DCSL Software Ltd,"London, UK",https://stackoverflow.com/jobs/399681
Software Engineer,Optiver,"London, UK",https://stackoverflow.com/jobs/455244
Senior Java Software Engineer,Ocado Technology,"London, UK",https://stackoverflow.com/jobs/468973
Data Engineer,CGI IT UK LTD,"Reading, UK",https://stackoverflow.com/jobs/400051
Senior/Lead Software Engineer,CV Partner,"London, UK",https://stackoverflow.com/jobs/471140
Java/ Big Data Developer,VanguardviaHays PLC,"London, UK",https://stackoverflow.com/jobs/407737
Data Engineer (Mid level),Moneybox,"London, UK",https://stackoverflow.com/jobs/422706
Senior Engineering Manager – AWS Data Platform,Mimecast,"London, UK",https://stackoverflow.com/jobs/425429
Software Engineer,Bulb Energy,"London, UK",https://stackoverflow.com/jobs/435309
Senior C++ Software Engineer,Capital Markets Trading UK,"London, UK",https://stackoverflow.com/jobs/454644
Data Engineer,Cookpad Limited,"Bristol, UK",https://stackoverflow.com/jobs/466001
Senior Data Engineer,Voodoo.io,"Paris, France",https://stackoverflow.com/jobs/410366
